song_name,artist_name,last_week_trending,highest_position_reached,weeks_appeard,weeks_number1
Kalyani,"ARJN, KDS, FIFTY4 & RONN",1,1,18,5
Arz Kiya Hai (Coke Studio Bharat),Anuv Jain,2,1,36,7
Barsaat,Banjaare & Roni,3,2,8,
"Mann Mera (From ""Table No. 21"")",Gajendra Verma,4,2,67,
Khat,Navjot Ahuja,6,4,34,
"Radhimaa (From ""Think Indie"")","Sai Abhyankkar Featuring Nargis Teji, Asma Teji & Sai Smriti",5,5,4,
Bairan,Banjaare,7,1,29,17
"Gehra Hua (From ""Dhurandhar"")",Arijit Singh & Armaan Khan,8,1,42,10
Aarzu,Noor + Khan + Madhurxo + Asim Azhar,10,4,15,
Finding Her,Kushagra,9,4,78,
"Parvati (From ""Hanuman Ansh"")",Sadhu Tiwari,11,11,3,
"Tum Ho Toh (From ""Saiyaara"")",Vishal Mishra & Hansika Pareek,15,6,50,
"Tera Mera Rishta - New Version (From ""Awarapan 2"")",Saaj Bhatt & Subodhh Sharma,12,5,6,
Samjhawan,"Jawad Ahmed, Sharib-Toshi, Arijit Singh & Shreya Ghoshal",17,4,35,
"Tere Liye (From ""Prince"")",Atif Aslam & Shreya Ghoshal,14,9,28,
"Darkhaast (From ""Shivaay"")",Arijit Singh & Sunidhi Chauhan,18,14,22,
Sahiba,Aditya Rikhari,16,1,64,3
"Vaaroon Forever (From ""Mirzapur: The Movie"")",Romy & Shreya Ghoshal,13,13,3,
Jo Tum Mere Ho,Anuv Jain,24,2,80,
Boom Shaka,KR$NA & Dhanda Nyoliwala,19,18,7,
Shree Hanuman Chalisa,Hariharan,-,1,207,34
Jhol,Maanu X Annural Khalid,21,4,25,
"Ishq de Fanniyar - Female (From ""Fukrey Returns"")",Jyotica Tangri,20,19,3,
"Pavazha Malli (From ""Think Indie"")",Shruti Haasan,22,6,27,
"Ishq (From ""Lost;Found"")",Faheem Abdullah X Rauhan Malik,-,6,102,
