items_link,prod_name,prod_price,prod_fabric,prod_neck,prod_pattern,prod_sleeve,prod_fit,prod_style,prod_rating
https://www.beyoung.in/pick-any-3-plain-cotton-shirts-combo,Pick Any 3 - Plain Cotton Shirts Combo,₹1998,100% Premium Cotton,Classic Collar,Solid,Full-Sleeves,Regular-fit,Formal & Casual Wear,4.9
https://www.beyoung.in/pick-any-2-plain-cotton-shirts-combo,Pick Any 2 - Plain Cotton Shirts Combo,₹1499,100% Premium Cotton,Classic Collar,Solid,Full-Sleeves,Regular-fit,Formal & Casual Wear,4.7
https://www.beyoung.in/sand-brown-recycled-solid-flannel-shirt,Beige Recycled Solid Flannel Shirt ,₹799,Recycled Cotton Flannel,,Solid,Full Sleeve,Regular Fit,Casual Wear,4.6
https://www.beyoung.in/rust-orange-recycled-solid-flannel-shirt,Rust Orange Recycled Solid Flannel Shirt ,₹699,Recycled Cotton Flannel,,Solid,Full Sleeve,Regular Fit,Casual Wear,4.5
https://www.beyoung.in/brown-textured-corduroy-shirt,Brown Textured Corduroy Shirt,₹899,Corduroy,,,Full Sleeve,Regular Fit,Casual Wear,
https://www.beyoung.in/maroon-textured-corduroy-shirt,Maroon Textured Corduroy Shirt,₹899,Corduroy,,,Full Sleeve,Regular Fit,Casual Wear,5
https://www.beyoung.in/mauve-double-cuff-satin-shirt,Dusty Mauve Double Cuff Satin Shirt,₹899,Poly Lycra,2-Piece Collar,Solid,Double Cuff,Regular-fit,Club Wear,
https://www.beyoung.in/clay-beige-double-cuff-satin-shirt,Light Beige Double Cuff Satin Shirt,₹899,Poly Lycra,2-Piece Collar,Solid,Double Cuff,Regular-fit,Club Wear,
https://www.beyoung.in/lavender-oxford-plain-shirt,Lavender Oxford Plain Shirt,₹849,Oxford Cotton Blend,,Plain,Full Sleeve,Regular Fit,Casual Wear,
https://www.beyoung.in/pista-green-oxford-plain-shirt,Pista Green Oxford Plain Shirt,₹849,Oxford Cotton Blend,,Plain,Full Sleeve,Regular Fit,Casual Wear,
https://www.beyoung.in/navy-dual-pocket-textured-corduroy-shirt,Navy Dual Pocket Corduroy Shirt,₹998,Corduroy,,,Full Sleeve,Regular Fit,Casual Wear,
https://www.beyoung.in/mauve-dual-pocket-textured-corduroy-shirt,Mauve Dual Pocket Corduroy Shirt,₹998,Corduroy,,,Full Sleeve,Regular Fit,Casual Wear,
https://www.beyoung.in/olive-green-recycled-solid-flannel-shirt,Olive Green Recycled Solid Flannel Shirt ,₹799,Recycled Cotton Flannel,,Solid,Full Sleeve,Regular Fit,Casual Wear,
https://www.beyoung.in/ash-grey-recycled-solid-flannel-shirt,Ash Grey Recycled Solid Flannel Shirt,₹799,Recycled Cotton Flannel,,Solid,Full Sleeve,Regular Fit,Casual Wear,
https://www.beyoung.in/arctic-white-carbon-cotton-solid-shirt,White - Plain Cotton Shirts,₹799,100% Premium Cotton,Classic Collar,Solid,Full-Sleeves,Regular-fit,Formal & Casual Wear,4.6
https://www.beyoung.in/pistachio-green-carbon-cotton-solid-shirt,Pista Green - Plain Cotton Shirts,₹799,100% Premium Cotton,Classic Collar,Solid,Full-Sleeves,Regular-fit,Formal & Casual Wear,4.7
https://www.beyoung.in/beige-textured-corduroy-shirt,Beige Textured Corduroy Shirt,₹899,Corduroy,,,Full Sleeve,Regular Fit,Casual Wear,
https://www.beyoung.in/black-textured-corduroy-shirt,Black Textured Corduroy Shirt,₹899,Corduroy,,,Full Sleeve,Regular Fit,Casual Wear,
https://www.beyoung.in/beige-oxford-plain-shirt,Beige Oxford Plain Shirt,₹849,Oxford Cotton Blend,,Plain,Full Sleeve,Regular Fit,Casual Wear,5
https://www.beyoung.in/blue-frayed-check-shirt,Blue Frayed Check Shirt,₹899,Recycled Cotton,,"Checks, Frayed",Full Sleeve,Regular Fit,Casual  Wear,5
